Feature,Gain,Weight,Gain_Pct
rolling_mean_1h,565522.3125,264.0,45.12413717109803
lag_1,431635.8125,1005.0,34.44107010580303
rolling_max_1h,108126.375,433.0,8.627616045323737
Ghi,32131.025390625,1657.0,2.563797687778404
hour_sin,18754.177734375,511.0,1.4964327134609563
kWp,17243.796875,953.0,1.3759164551762075
rolling_mean_24h,16938.40625,597.0,1.3515487367879655
rolling_mean_4h,10288.87890625,345.0,0.8209698765907526
lag_96,8377.3779296875,519.0,0.6684474555251928
rolling_min_1h,6157.08349609375,243.0,0.49128579741341005
solar_elevation,4110.189453125,824.0,0.32796009738698484
clear_sky_ghi,3870.412353515625,243.0,0.30882781119047603
lag_672,3569.2587890625,415.0,0.28479817619362896
hour_cos,3563.6435546875,108.0,0.2843501256029011
CloudOpacity,3240.2744140625,1068.0,0.2585478661059117
SiteKey,2909.682373046875,374.0,0.23216927718602295
doy_cos,1651.7271728515625,331.0,0.13179455853385777
rolling_std_1h,1563.2197265625,373.0,0.12473237538257625
doy_sin,1546.136962890625,266.0,0.12336930808328002
CampusKey,1256.1553955078125,32.0,0.10023110869760672
AirTemperature,1198.9759521484375,492.0,0.0956686484931467
lag_2,1132.3243408203125,333.0,0.09035038538351028
is_weekend,1066.5406494140625,4.0,0.08510137531083202
RelativeHumidity,1042.55224609375,401.0,0.0831872934470127
solar_azimuth,1012.99951171875,406.0,0.08082922266847287
wind_dir_cos,920.8677368164062,166.0,0.07347784721145217
lat,912.1430053710938,18.0,0.07278168373599378
WindSpeed,877.6216430664062,267.0,0.07002715636627148
lag_4,796.4389038085938,180.0,0.06354942598990368
wind_dir_sin,782.4717407226562,177.0,0.06243495858684972
day_of_week,745.0955200195312,57.0,0.05945263645266329
Lon,315.02691650390625,5.0,0.025136617032966865
weather_is_missing,0.0,0.0,0.0
