Hour,MAE_XGB,MAE_Persist,Mean_Gen
0,0.018700914,0.00027993871,0.00013260255
1,0.020095617,0.00033150637,0.0001768034
2,0.020055579,0.00023573785,0.00011050212
3,0.022934534,0.0002652051,0.00011786893
4,0.025109807,0.0002725719,0.00014733616
5,0.03354488,0.00026754063,0.00014213096
6,0.05108789,0.04707442,0.048015
7,0.35082933,0.7259525,0.98603004
8,0.68386257,1.4534829,2.9429832
9,0.980119,2.0538335,6.2917743
10,1.3109856,2.2218432,9.300599
11,1.4485108,2.1395957,11.161718
12,1.6414821,2.112981,12.035224
13,1.8644153,2.5554981,11.910029
14,1.875394,2.9152594,11.42162
15,1.8841002,2.6985295,10.268424
16,1.4304332,2.3102014,8.16869
17,1.0395467,2.089165,5.7202635
18,0.57284975,1.5438291,2.5750875
19,0.22677818,0.92387766,0.7321602
20,0.03653915,0.13047485,0.039212383
21,0.017054964,0.00097610656,0.00013859711
22,0.01781367,0.0002334267,0.00011671335
23,0.018337792,0.00027056277,0.00013893764
