SiteKey,MAE_XGB,MAE_Persist,Mean_Gen,Count,Improvement_Pct
1,0.66737944,1.2584599,5.258611,9087,46.96856
2,0.573164,1.1143525,4.553424,9069,48.565285
3,0.3988953,0.7181576,3.1062639,9020,44.45574
4,0.14910348,0.11887855,0.45641148,8496,-25.425047
5,0.12365336,0.095763914,0.3656468,7165,-29.123127
6,0.9344199,1.6719844,6.7966495,9138,44.113125
7,0.29340765,0.78023386,1.3742992,5351,62.394913
8,0.87791705,1.5949591,6.128078,9097,44.956768
9,0.1564762,0.12688024,0.5274067,8441,-23.325897
10,0.2999576,0.4834255,2.147481,8952,37.95164
11,2.711838,5.4848366,21.993889,9204,50.55754
12,0.6669134,1.3008685,3.9594972,8815,48.73322
13,0.5049351,0.7757466,2.1298614,8614,34.90979
14,0.4785137,0.8196177,2.9214723,9040,41.617455
15,0.6113209,1.0892665,4.0300107,9054,43.877747
16,0.19310135,0.20017898,0.7100166,8492,3.5356534
17,0.36551258,0.5619655,1.9313408,8931,34.958183
18,1.2240543,2.1330073,7.5260744,9105,42.61368
19,1.4439764,2.5058885,8.861008,9112,42.37667
20,0.5566786,0.98555267,3.4118867,9009,43.516098
21,0.31290138,0.47226053,1.6716416,8904,33.743904
22,0.49791783,0.86617726,3.014687,8963,42.51548
23,0.45108885,0.7388459,2.4740608,8994,38.946827
24,0.46806157,0.72239,2.6603026,9053,35.206528
25,2.498015,4.7750516,16.416292,8924,47.68612
26,0.29505444,0.4533268,1.668641,8943,34.91352
27,3.736677,4.154159,15.551538,9311,10.049739
28,0.16351476,0.18590686,0.6529977,8632,12.044792
29,0.1664761,0.17586777,0.62508583,8578,5.3401856
30,0.35690042,0.5125007,1.6544913,8862,30.360989
31,0.5714639,0.95538324,3.1774824,8981,40.184853
32,0.2855033,0.42269704,1.3836504,8867,32.456757
33,0.6311227,1.1104146,3.648446,9018,43.16333
34,0.21671446,0.2405422,0.91541505,8794,9.9058485
35,0.24990359,0.37268844,1.2571138,8789,32.94571
36,0.38273722,0.6145621,2.1074665,8960,37.721962
37,0.35998008,0.59615296,2.0597699,8957,39.616158
38,0.40973115,0.6694386,2.4050858,9020,38.79481
39,0.27122745,0.41557726,1.4261588,8804,34.73477
40,0.54022497,0.8988852,3.1531003,9004,39.90056
41,0.64177626,1.2444965,4.9626093,8926,48.430847
42,0.23740993,0.34818152,1.4803845,8857,31.81432
